{"playerPosition":{"x":44.97283172607422,"y":0.09223699569702149,"z":0.0},"roomName":"Room2","currHealth":299.0,"maxHealth":299.0,"currMissiles":10,"maxMissiles":10}